"plan_id","feature_id","created"
609,5,"2018-11-01 23:58:49.028232+00"
610,5,"2018-11-01 23:59:29.486554+00"
722,5,"2018-11-06 15:40:18.33847+00"
80,5,"2018-11-06 15:43:14.582158+00"
63,5,"2018-11-06 15:44:25.425682+00"
301,5,"2018-11-06 15:45:14.281242+00"
503,5,"2018-10-24 19:57:37.354475+00"
736,5,"2018-10-24 20:04:09.523266+00"
607,5,"2018-11-01 23:56:11.22263+00"
608,5,"2018-11-01 23:56:59.532882+00"
611,5,"2018-11-01 23:57:44.947174+00"
80,4,"2018-11-06 15:43:14.582158+00"
607,4,"2018-11-01 23:56:11.22263+00"
63,4,"2018-11-06 15:44:25.425682+00"
611,4,"2018-11-01 23:57:44.947174+00"
301,4,"2018-11-06 15:45:14.281242+00"
608,4,"2018-11-01 23:56:59.532882+00"
736,4,"2018-10-24 20:03:59.505943+00"
609,4,"2018-11-01 23:58:49.028232+00"
610,4,"2018-11-01 23:59:29.486554+00"
722,4,"2018-11-06 15:40:18.33847+00"
738,4,"2018-10-25 13:44:21.3299+00"
287,3,"2018-11-05 18:15:24.48851+00"
735,3,"2018-11-29 16:05:34.398134+00"
279,3,"2018-10-30 14:59:20.265573+00"
333,3,"2018-11-13 18:36:55.353646+00"
722,3,"2018-10-05 14:57:33.776169+00"
63,3,"2018-08-31 18:49:44.711765+00"
80,3,"2018-11-22 15:25:59.84323+00"
614,3,"2018-11-01 03:16:25.664104+00"
127,3,"2018-11-01 03:19:53.004745+00"
136,3,"2018-11-01 03:20:37.354791+00"
635,3,"2018-11-01 03:21:15.606584+00"
637,3,"2018-11-01 03:22:01.87861+00"
105,3,"2018-11-26 15:38:39.526711+00"
291,3,"2018-11-05 18:15:24.48851+00"
748,3,"2018-11-01 15:03:47.2742+00"
292,3,"2018-11-05 18:15:24.48851+00"
71,3,"2018-08-10 18:53:16.101478+00"
662,3,"2018-09-11 18:57:26.93398+00"
107,3,"2018-11-05 15:41:05.867256+00"
718,3,"2018-09-28 18:33:02.853218+00"
736,3,"2018-10-24 20:03:59.505943+00"
753,3,"2018-11-08 15:54:35.202105+00"
101,2,"2017-05-08 19:25:55.443131+00"
102,2,"2017-05-08 19:25:55.443131+00"
103,2,"2017-05-08 19:25:55.443131+00"
104,2,"2017-05-08 19:25:55.443131+00"
105,2,"2017-05-08 19:25:55.443131+00"
106,2,"2017-05-08 19:25:55.443131+00"
107,2,"2017-05-08 19:25:55.443131+00"
108,2,"2017-05-08 19:25:55.443131+00"
109,2,"2017-05-08 19:25:55.443131+00"
110,2,"2017-05-08 19:25:55.443131+00"
111,2,"2017-05-08 19:25:55.443131+00"
112,2,"2017-05-08 19:25:55.443131+00"
113,2,"2017-05-08 19:25:55.443131+00"
114,2,"2017-05-08 19:25:55.443131+00"
115,2,"2017-05-08 19:25:55.443131+00"
116,2,"2017-05-08 19:25:55.443131+00"
117,2,"2017-05-08 19:25:55.443131+00"
118,2,"2017-05-08 19:25:55.443131+00"
119,2,"2017-05-08 19:25:55.443131+00"
120,2,"2017-05-08 19:25:55.443131+00"
121,2,"2017-05-08 19:25:55.443131+00"
122,2,"2017-05-08 19:25:55.443131+00"
123,2,"2017-05-08 19:25:55.443131+00"
124,2,"2017-05-08 19:25:55.443131+00"
125,2,"2017-05-08 19:25:55.443131+00"
126,2,"2017-05-08 19:25:55.443131+00"
127,2,"2017-05-08 19:25:55.443131+00"
128,2,"2017-05-08 19:25:55.443131+00"
129,2,"2017-05-08 19:25:55.443131+00"
130,2,"2017-05-08 19:25:55.443131+00"
131,2,"2017-05-08 19:25:55.443131+00"
132,2,"2017-05-08 19:25:55.443131+00"
133,2,"2017-05-08 19:25:55.443131+00"
134,2,"2017-05-08 19:25:55.443131+00"
61,2,"2017-05-08 19:25:55.443131+00"
64,2,"2017-05-08 19:25:55.443131+00"
150,2,"2017-05-08 19:25:55.443131+00"
151,2,"2017-05-08 19:25:55.443131+00"
155,2,"2017-05-08 19:25:55.443131+00"
140,2,"2017-05-08 19:25:55.443131+00"
141,2,"2017-05-08 19:25:55.443131+00"
142,2,"2017-05-08 19:25:55.443131+00"
143,2,"2017-05-08 19:25:55.443131+00"
146,2,"2017-05-08 19:25:55.443131+00"
147,2,"2017-05-08 19:25:55.443131+00"
144,2,"2017-05-08 19:25:55.443131+00"
139,2,"2017-05-08 19:25:55.443131+00"
156,2,"2017-05-15 15:53:06.392242+00"
189,2,"2017-05-15 15:53:06.392242+00"
190,2,"2017-05-15 15:53:06.392242+00"
191,2,"2017-05-24 20:35:47.125999+00"
193,2,"2017-05-24 20:35:47.125999+00"
192,2,"2017-05-24 20:35:47.125999+00"
194,2,"2017-05-24 20:35:47.125999+00"
198,2,"2017-06-01 15:41:34.13489+00"
199,2,"2017-06-01 15:41:34.13489+00"
200,2,"2017-06-01 15:41:34.13489+00"
201,2,"2017-06-01 15:41:34.13489+00"
203,2,"2017-06-01 15:41:34.13489+00"
195,2,"2017-06-01 15:41:34.13489+00"
196,2,"2017-06-01 15:41:34.13489+00"
197,2,"2017-06-01 15:41:34.13489+00"
204,2,"2017-06-01 15:41:34.13489+00"
205,2,"2017-06-02 19:40:27.484401+00"
206,2,"2017-06-05 14:59:10.714044+00"
63,2,"2017-04-06 22:05:20.753532+00"
240,2,"2017-06-14 17:37:11.543447+00"
241,2,"2017-06-21 20:31:54.15601+00"
242,2,"2017-06-28 13:53:52.636527+00"
247,2,"2017-07-17 01:16:47.881882+00"
248,2,"2017-07-17 18:53:38.042441+00"
249,2,"2017-07-24 15:25:20.481095+00"
259,2,"2017-07-25 18:16:02.288308+00"
260,2,"2017-07-27 15:35:28.191785+00"
261,2,"2017-07-27 15:36:31.551306+00"
246,2,"2017-07-11 15:15:33.107352+00"
262,2,"2017-08-04 18:37:52.170106+00"
263,2,"2017-08-10 16:19:46.692339+00"
264,2,"2017-08-10 16:24:43.858474+00"
265,2,"2017-08-10 18:03:52.541041+00"
266,2,"2017-08-11 14:37:45.023253+00"
268,2,"2017-08-16 14:51:04.031531+00"
269,2,"2017-08-16 16:22:30.284299+00"
270,2,"2017-08-18 17:55:21.850961+00"
271,2,"2017-08-21 14:40:37.422486+00"
272,2,"2017-08-21 23:35:43.535084+00"
273,2,"2017-08-24 15:45:48.106052+00"
275,2,"2017-08-27 17:07:23.413951+00"
276,2,"2017-08-29 16:02:07.095915+00"
277,2,"2017-08-29 19:32:23.441701+00"
278,2,"2017-08-31 20:51:56.199539+00"
279,2,"2017-08-31 21:47:21.143412+00"
280,2,"2017-09-01 17:04:59.161098+00"
281,2,"2017-09-05 17:57:37.787865+00"
283,2,"2017-09-08 11:18:22.747756+00"
284,2,"2017-09-08 21:39:14.275573+00"
285,2,"2017-09-10 22:54:09.107569+00"
286,2,"2017-09-13 03:54:05.200814+00"
287,2,"2017-09-13 04:00:40.316317+00"
288,2,"2017-09-14 18:53:57.575661+00"
289,2,"2017-09-17 21:03:05.048637+00"
290,2,"2017-09-18 17:36:19.000857+00"
291,2,"2017-09-18 19:33:32.254489+00"
292,2,"2017-09-18 19:39:19.745029+00"
293,2,"2017-09-20 17:54:02.76993+00"
294,2,"2017-09-28 18:56:48.064119+00"
295,2,"2017-09-28 19:32:51.545711+00"
296,2,"2017-09-28 19:38:17.12328+00"
297,2,"2017-09-28 19:49:26.348464+00"
298,2,"2017-09-28 20:18:54.168691+00"
299,2,"2017-09-28 20:31:44.445278+00"
300,2,"2017-10-04 15:21:32.898247+00"
301,2,"2017-10-10 13:53:14.699385+00"
302,2,"2017-10-12 17:10:57.321018+00"
303,2,"2017-10-12 17:20:56.057522+00"
304,2,"2017-10-13 17:24:19.568198+00"
306,2,"2017-10-16 19:13:10.413066+00"
310,2,"2017-10-24 17:29:12.313248+00"
311,2,"2017-10-24 17:38:06.01658+00"
312,2,"2017-10-26 21:22:29.16776+00"
313,2,"2017-10-27 02:59:18.933841+00"
314,2,"2017-10-30 18:53:38.355646+00"
315,2,"2017-11-01 00:10:11.48707+00"
316,2,"2017-11-01 00:14:32.102775+00"
317,2,"2017-11-01 00:16:03.255892+00"
318,2,"2017-11-01 00:19:17.184022+00"
319,2,"2017-11-01 00:24:09.713243+00"
320,2,"2017-11-08 14:57:07.175639+00"
321,2,"2017-11-09 17:08:16.181331+00"
322,2,"2017-11-09 20:04:39.507201+00"
323,2,"2017-11-09 20:41:38.155701+00"
324,2,"2017-11-10 14:52:11.108032+00"
325,2,"2017-11-13 23:45:56.583078+00"
326,2,"2017-11-13 23:48:33.384907+00"
327,2,"2017-11-16 15:06:10.823738+00"
328,2,"2017-11-16 21:48:39.103311+00"
329,2,"2017-11-16 21:49:33.81879+00"
330,2,"2017-11-21 17:02:35.797375+00"
331,2,"2017-11-21 17:06:39.283875+00"
332,2,"2017-11-21 21:49:48.065058+00"
333,2,"2017-11-23 14:31:08.453415+00"
334,2,"2017-11-23 16:09:39.661926+00"
335,2,"2017-11-23 16:11:01.019716+00"
336,2,"2017-11-24 14:39:54.260748+00"
337,2,"2017-11-28 20:40:41.850357+00"
338,2,"2017-11-29 14:50:26.961395+00"
339,2,"2017-12-01 15:41:11.78146+00"
340,2,"2017-12-04 15:36:59.795329+00"
341,2,"2017-12-04 15:43:02.714434+00"
342,2,"2017-12-04 15:43:54.292233+00"
343,2,"2017-12-04 15:44:33.203917+00"
344,2,"2017-12-04 18:25:47.680592+00"
345,2,"2017-12-05 14:41:26.195251+00"
346,2,"2017-12-07 19:14:19.016186+00"
351,2,"2017-12-08 17:09:19.030254+00"
352,2,"2017-12-08 17:10:26.481839+00"
353,2,"2017-12-08 17:11:12.16079+00"
354,2,"2017-12-08 17:11:45.694466+00"
355,2,"2017-12-12 16:45:04.946006+00"
356,2,"2017-12-12 20:37:59.4711+00"
357,2,"2017-12-13 17:25:51.154786+00"
358,2,"2017-12-13 17:29:23.439996+00"
359,2,"2017-12-13 17:33:26.38654+00"
360,2,"2017-12-13 17:35:33.310859+00"
361,2,"2017-12-14 16:12:51.356206+00"
362,2,"2017-12-14 16:14:21.545474+00"
363,2,"2017-12-14 16:15:15.102004+00"
364,2,"2017-12-14 16:15:51.627291+00"
365,2,"2017-12-14 16:16:44.350791+00"
366,2,"2017-12-20 15:05:25.385691+00"
367,2,"2017-12-20 15:13:08.865924+00"
368,2,"2017-12-20 15:20:35.713189+00"
369,2,"2017-12-20 15:24:32.707869+00"
370,2,"2017-12-20 15:56:25.558148+00"
371,2,"2017-12-20 15:57:33.897695+00"
372,2,"2017-12-20 15:58:08.874219+00"
373,2,"2017-12-20 15:58:42.971142+00"
374,2,"2017-12-20 15:59:11.716029+00"
375,2,"2017-12-21 19:36:56.075716+00"
376,2,"2017-12-22 15:36:21.668779+00"
78,2,"2017-05-08 19:25:55.443131+00"
377,2,"2018-01-12 18:26:08.234819+00"
378,2,"2018-01-12 18:31:49.839464+00"
379,2,"2018-01-12 18:31:51.361233+00"
380,2,"2018-01-12 18:31:52.780642+00"
381,2,"2018-01-12 18:31:54.429492+00"
382,2,"2018-01-12 18:31:55.955272+00"
383,2,"2018-01-12 18:31:57.418403+00"
384,2,"2018-01-12 18:31:59.34716+00"
385,2,"2018-01-12 18:32:00.841232+00"
386,2,"2018-01-12 18:32:02.36967+00"
387,2,"2018-01-12 18:32:04.041407+00"
388,2,"2018-01-12 18:32:05.820314+00"
389,2,"2018-01-12 18:32:07.360917+00"
390,2,"2018-01-12 18:32:08.90483+00"
391,2,"2018-01-12 18:32:10.413705+00"
392,2,"2018-01-12 18:32:11.940857+00"
393,2,"2018-01-12 18:32:13.703253+00"
394,2,"2018-01-12 18:32:15.449217+00"
395,2,"2018-01-12 18:32:16.902809+00"
396,2,"2018-01-12 18:32:18.520311+00"
397,2,"2018-01-12 18:32:20.215745+00"
398,2,"2018-01-12 18:32:21.882711+00"
399,2,"2018-01-12 18:32:23.498535+00"
400,2,"2018-01-12 18:32:25.560092+00"
401,2,"2018-01-12 18:32:27.194825+00"
402,2,"2018-01-12 18:32:28.950765+00"
403,2,"2018-01-12 18:32:30.601035+00"
404,2,"2018-01-12 18:32:32.898035+00"
405,2,"2018-01-12 18:32:34.569067+00"
406,2,"2018-01-12 18:32:36.164238+00"
407,2,"2018-01-12 18:32:37.644742+00"
408,2,"2018-01-12 18:32:39.100891+00"
409,2,"2018-01-12 18:32:40.695504+00"
410,2,"2018-01-12 18:32:43.175453+00"
411,2,"2018-01-12 18:32:45.295026+00"
412,2,"2018-01-12 18:32:47.145047+00"
413,2,"2018-01-12 18:32:48.902758+00"
414,2,"2018-01-12 18:32:50.514292+00"
415,2,"2018-01-12 18:32:52.133346+00"
416,2,"2018-01-12 18:32:53.74531+00"
417,2,"2018-01-15 20:19:37.357747+00"
418,2,"2018-01-15 20:19:38.861499+00"
419,2,"2018-01-16 19:38:56.811872+00"
420,2,"2018-01-16 19:39:50.514255+00"
421,2,"2018-01-16 19:40:27.858479+00"
422,2,"2018-01-16 19:41:07.742598+00"
423,2,"2018-01-16 19:41:40.395365+00"
424,2,"2018-01-16 22:20:17.322054+00"
425,2,"2018-01-17 21:21:21.112242+00"
426,2,"2018-01-18 19:37:29.837178+00"
427,2,"2018-01-18 19:38:15.900133+00"
428,2,"2018-01-18 19:39:35.875088+00"
429,2,"2018-01-18 19:40:26.552838+00"
430,2,"2018-01-18 19:55:42.470004+00"
432,2,"2018-01-22 16:58:07.587157+00"
433,2,"2018-01-23 22:38:40.894628+00"
434,2,"2018-01-23 22:39:50.309519+00"
435,2,"2018-01-23 22:40:28.197479+00"
436,2,"2018-01-24 17:51:39.295683+00"
437,2,"2018-01-24 17:58:44.773581+00"
438,2,"2018-01-24 17:59:30.412099+00"
439,2,"2018-01-24 18:00:10.656053+00"
440,2,"2018-01-24 18:00:47.738638+00"
441,2,"2018-01-24 18:01:28.398067+00"
442,2,"2018-01-24 18:02:08.322261+00"
443,2,"2018-01-24 19:46:37.850409+00"
444,2,"2018-01-24 21:43:55.607421+00"
445,2,"2018-01-26 13:42:41.652354+00"
446,2,"2018-01-30 16:47:57.811983+00"
447,2,"2018-01-31 20:04:42.058388+00"
448,2,"2018-02-06 20:06:38.293539+00"
449,2,"2018-02-08 00:04:15.048845+00"
450,2,"2018-02-12 16:53:08.77141+00"
451,2,"2018-02-12 18:20:12.430608+00"
452,2,"2018-02-12 19:03:38.478505+00"
453,2,"2018-02-12 20:56:05.590716+00"
454,2,"2018-02-13 15:05:17.895136+00"
455,2,"2018-02-14 14:44:10.554138+00"
456,2,"2018-02-14 14:44:48.14646+00"
457,2,"2018-02-16 19:53:12.802587+00"
458,2,"2018-02-19 16:26:38.779097+00"
459,2,"2018-02-20 16:18:41.357677+00"
460,2,"2018-02-20 16:19:58.507793+00"
461,2,"2018-02-20 18:58:31.343385+00"
462,2,"2018-02-22 16:21:36.430975+00"
463,2,"2018-02-22 21:07:39.567835+00"
464,2,"2018-02-22 21:08:28.843554+00"
465,2,"2018-02-23 03:42:18.634598+00"
466,2,"2018-02-23 18:29:09.513551+00"
467,2,"2018-02-23 19:10:26.342102+00"
490,2,"2018-02-25 10:25:15.558741+00"
491,2,"2018-02-25 15:57:15.280738+00"
492,2,"2018-02-26 20:13:36.967727+00"
493,2,"2018-02-26 20:14:10.206288+00"
494,2,"2018-02-26 21:42:35.666169+00"
495,2,"2018-02-26 21:43:14.473008+00"
496,2,"2018-02-27 17:39:29.705114+00"
497,2,"2018-02-27 17:41:01.516336+00"
498,2,"2018-02-28 20:07:35.650243+00"
499,2,"2018-03-05 19:54:31.405197+00"
500,2,"2018-03-07 16:03:27.777534+00"
501,2,"2018-03-08 21:18:03.246859+00"
502,2,"2018-03-08 21:31:56.496417+00"
503,2,"2018-03-08 21:48:07.059222+00"
504,2,"2018-03-12 18:32:18.811141+00"
505,2,"2018-03-13 15:31:54.88859+00"
506,2,"2018-03-13 15:32:54.847296+00"
507,2,"2018-03-13 15:33:40.39456+00"
508,2,"2018-03-14 18:09:17.642828+00"
509,2,"2018-03-14 18:10:09.556395+00"
510,2,"2018-03-15 18:27:15.542899+00"
511,2,"2018-03-16 17:15:15.409808+00"
512,2,"2018-03-19 15:44:05.196308+00"
513,2,"2018-03-21 14:06:49.736611+00"
514,2,"2018-03-22 15:27:35.723912+00"
515,2,"2018-03-22 15:29:19.502306+00"
516,2,"2018-03-22 15:31:41.886146+00"
517,2,"2018-03-22 15:32:29.355907+00"
518,2,"2018-03-22 15:33:16.855104+00"
519,2,"2018-03-22 15:34:39.056367+00"
520,2,"2018-03-22 15:35:37.511114+00"
521,2,"2018-03-22 19:25:18.879443+00"
522,2,"2018-03-22 20:06:15.797957+00"
523,2,"2018-03-23 05:14:27.984278+00"
530,2,"2018-03-23 18:07:43.652858+00"
531,2,"2018-04-05 20:01:00.743115+00"
532,2,"2018-04-06 19:44:58.117003+00"
533,2,"2018-04-09 13:53:42.130297+00"
534,2,"2018-04-10 19:41:09.441655+00"
535,2,"2018-04-11 17:14:05.114234+00"
536,2,"2018-04-16 16:30:42.463844+00"
537,2,"2018-04-16 17:23:49.134137+00"
538,2,"2018-04-16 21:10:01.485516+00"
539,2,"2018-04-17 00:27:38.05123+00"
540,2,"2018-04-17 13:17:01.125975+00"
541,2,"2018-04-17 17:12:17.723818+00"
542,2,"2018-04-17 18:40:17.700497+00"
543,2,"2018-04-17 18:47:05.483109+00"
544,2,"2018-04-17 18:48:08.007926+00"
545,2,"2018-04-19 16:29:07.505186+00"
546,2,"2018-04-19 17:51:51.851238+00"
547,2,"2018-04-23 19:05:32.218733+00"
548,2,"2018-04-23 19:06:31.008162+00"
549,2,"2018-04-24 18:36:57.023116+00"
550,2,"2018-04-25 13:46:32.071107+00"
551,2,"2018-04-27 13:48:08.149965+00"
552,2,"2018-04-27 14:55:35.081973+00"
553,2,"2018-05-01 20:54:02.005363+00"
554,2,"2018-05-01 21:27:53.467169+00"
555,2,"2018-05-02 01:54:42.008803+00"
556,2,"2018-05-03 18:24:27.164192+00"
557,2,"2018-05-03 21:06:20.018783+00"
558,2,"2018-05-04 08:38:15.252277+00"
559,2,"2018-05-04 14:59:32.535243+00"
560,2,"2018-05-04 15:11:46.604949+00"
561,2,"2018-05-07 17:15:11.365659+00"
562,2,"2018-05-08 18:38:45.839109+00"
563,2,"2018-05-09 13:36:41.321693+00"
564,2,"2018-05-10 14:26:40.703105+00"
565,2,"2018-05-10 14:28:21.601095+00"
566,2,"2018-05-11 21:26:57.748649+00"
567,2,"2018-05-14 13:36:00.569838+00"
568,2,"2018-05-15 17:30:12.018516+00"
569,2,"2018-05-16 16:14:00.407103+00"
570,2,"2018-05-17 19:00:00.660022+00"
571,2,"2018-05-17 21:13:03.718229+00"
572,2,"2018-05-18 15:55:59.681062+00"
573,2,"2018-05-25 14:57:37.524453+00"
574,2,"2018-05-25 17:06:20.565271+00"
576,2,"2018-05-29 13:14:19.385597+00"
577,2,"2018-05-30 11:30:57.336167+00"
578,2,"2018-05-30 16:10:37.765669+00"
579,2,"2018-05-31 15:15:14.772204+00"
580,2,"2018-05-31 16:26:58.020964+00"
581,2,"2018-05-31 16:34:08.249188+00"
582,2,"2018-05-31 17:17:40.404623+00"
583,2,"2018-06-04 15:56:47.260211+00"
584,2,"2018-06-04 16:00:32.400854+00"
585,2,"2018-06-04 18:47:03.980104+00"
586,2,"2018-06-04 19:50:53.609973+00"
587,2,"2018-06-04 20:52:25.862815+00"
588,2,"2018-06-04 23:28:03.40072+00"
589,2,"2018-06-05 14:34:46.54612+00"
590,2,"2018-06-05 14:36:51.327802+00"
591,2,"2018-06-05 14:48:13.683783+00"
592,2,"2018-06-06 13:05:46.335484+00"
593,2,"2018-06-13 13:28:47.297583+00"
594,2,"2018-06-13 17:53:02.305375+00"
595,2,"2018-06-14 14:46:38.814761+00"
596,2,"2018-06-14 14:50:55.344055+00"
597,2,"2018-06-14 14:52:47.902156+00"
598,2,"2018-06-14 14:53:57.729602+00"
599,2,"2018-06-14 16:38:22.595853+00"
600,2,"2018-06-14 16:45:59.839319+00"
601,2,"2018-06-15 14:53:32.142489+00"
602,2,"2018-06-15 15:31:31.08614+00"
603,2,"2018-06-15 15:33:15.832911+00"
604,2,"2018-06-15 21:26:40.413695+00"
605,2,"2018-06-15 22:59:41.158632+00"
606,2,"2018-06-16 00:46:53.591582+00"
607,2,"2018-06-19 18:05:39.47784+00"
608,2,"2018-06-19 18:06:48.390995+00"
609,2,"2018-06-19 18:07:41.661079+00"
610,2,"2018-06-19 18:08:39.081978+00"
611,2,"2018-06-20 15:36:39.347755+00"
612,2,"2018-06-21 19:03:46.233996+00"
613,2,"2018-06-21 21:08:42.652439+00"
614,2,"2018-06-21 21:10:42.322008+00"
615,2,"2018-06-22 17:12:37.966395+00"
616,2,"2018-06-28 13:10:41.479629+00"
617,2,"2018-06-28 19:31:36.715431+00"
618,2,"2018-06-28 21:25:09.301255+00"
619,2,"2018-06-28 21:46:25.092213+00"
620,2,"2018-06-29 15:24:44.473905+00"
621,2,"2018-07-04 15:37:28.939808+00"
622,2,"2018-07-05 03:09:33.511821+00"
623,2,"2018-07-06 14:43:51.982393+00"
624,2,"2018-07-09 20:43:11.502626+00"
625,2,"2018-07-09 21:31:17.427631+00"
626,2,"2018-07-09 21:33:52.510864+00"
627,2,"2018-07-10 15:23:50.11116+00"
628,2,"2018-07-11 17:56:44.710546+00"
629,2,"2018-07-11 18:07:12.802639+00"
630,2,"2018-07-11 18:23:29.701424+00"
631,2,"2018-07-12 14:55:49.488187+00"
632,2,"2018-07-12 15:22:33.052868+00"
633,2,"2018-07-16 14:20:11.660212+00"
634,2,"2018-07-16 20:25:12.323422+00"
635,2,"2018-07-17 15:17:39.2191+00"
636,2,"2018-07-18 14:14:30.450785+00"
637,2,"2018-07-18 15:27:12.561811+00"
638,2,"2018-07-19 17:34:04.532406+00"
639,2,"2018-07-19 23:39:42.090969+00"
640,2,"2018-07-20 18:59:34.885517+00"
641,2,"2018-07-25 18:13:07.819243+00"
642,2,"2018-07-26 13:45:29.697424+00"
643,2,"2018-07-26 14:04:46.571196+00"
644,2,"2018-07-26 14:06:26.590583+00"
646,2,"2018-07-27 18:15:54.398675+00"
647,2,"2018-07-27 18:16:57.006142+00"
648,2,"2018-07-27 18:18:15.036763+00"
649,2,"2018-07-27 18:19:22.864897+00"
650,2,"2018-07-27 18:20:19.130671+00"
651,2,"2018-07-27 18:21:13.69207+00"
652,2,"2018-07-27 20:19:14.712743+00"
653,2,"2018-07-29 03:51:34.168551+00"
654,2,"2018-07-31 14:01:49.430976+00"
655,2,"2018-07-31 15:18:07.173955+00"
656,2,"2018-07-31 15:19:21.999207+00"
657,2,"2018-07-31 15:35:22.041084+00"
658,2,"2018-08-01 13:56:59.452518+00"
659,2,"2018-08-04 01:47:48.80799+00"
660,2,"2018-08-09 20:55:42.826993+00"
661,2,"2018-08-13 20:39:12.884839+00"
662,2,"2018-08-14 12:20:57.381902+00"
663,2,"2018-08-15 22:21:08.835094+00"
664,2,"2018-08-15 22:26:42.152829+00"
665,2,"2018-08-21 19:51:06.611911+00"
666,2,"2018-08-21 19:59:59.642618+00"
667,2,"2018-08-21 20:20:12.380506+00"
668,2,"2018-08-22 12:57:06.97325+00"
669,2,"2018-08-22 13:12:20.192506+00"
670,2,"2018-08-24 15:19:25.587933+00"
671,2,"2018-08-27 18:50:20.514929+00"
672,2,"2018-08-28 15:06:15.755133+00"
673,2,"2018-08-28 15:12:59.651587+00"
674,2,"2018-08-28 15:14:54.783427+00"
675,2,"2018-08-28 21:30:27.691399+00"
676,2,"2018-08-28 21:31:43.099655+00"
677,2,"2018-08-29 15:02:00.087075+00"
678,2,"2018-08-30 14:30:01.851148+00"
679,2,"2018-08-30 15:12:05.767768+00"
680,2,"2018-08-30 15:15:15.10609+00"
681,2,"2018-08-30 15:16:52.945912+00"
682,2,"2018-08-30 15:19:49.615172+00"
683,2,"2018-08-30 15:20:51.24859+00"
684,2,"2018-08-30 15:26:35.618245+00"
685,2,"2018-08-30 15:28:51.019346+00"
686,2,"2018-08-30 15:37:44.307005+00"
687,2,"2018-08-30 15:38:38.718725+00"
688,2,"2018-08-30 15:39:41.71575+00"
689,2,"2018-08-30 15:40:33.166678+00"
690,2,"2018-08-30 15:41:21.726395+00"
691,2,"2018-08-30 15:42:51.038534+00"
692,2,"2018-08-30 15:43:57.980937+00"
693,2,"2018-08-30 15:44:47.38714+00"
694,2,"2018-08-30 15:46:00.32397+00"
695,2,"2018-08-30 15:46:51.402836+00"
696,2,"2018-09-04 14:00:09.164512+00"
697,2,"2018-09-04 16:19:40.942347+00"
698,2,"2018-09-04 18:10:07.016578+00"
699,2,"2018-09-04 20:18:09.914438+00"
700,2,"2018-09-05 13:05:35.198048+00"
701,2,"2018-09-06 12:03:46.41908+00"
702,2,"2018-09-06 14:24:18.566398+00"
703,2,"2018-09-06 21:19:09.874035+00"
704,2,"2018-09-07 20:44:19.525227+00"
705,2,"2018-09-10 14:49:00.234868+00"
706,2,"2018-09-10 19:10:11.029649+00"
707,2,"2018-09-13 13:32:10.508777+00"
708,2,"2018-09-16 04:25:16.948232+00"
709,2,"2018-09-19 17:41:35.559411+00"
710,2,"2018-09-20 19:45:12.692677+00"
711,2,"2018-09-21 14:20:36.968188+00"
712,2,"2018-09-24 21:12:45.911449+00"
713,2,"2018-09-24 22:17:43.930561+00"
714,2,"2018-09-24 23:12:31.030138+00"
715,2,"2018-09-25 00:01:33.69302+00"
716,2,"2018-09-25 14:42:00.559188+00"
717,2,"2018-09-27 20:44:41.89686+00"
718,2,"2018-09-28 18:33:02.853218+00"
719,2,"2018-09-28 20:49:20.418851+00"
720,2,"2018-10-01 18:33:24.383376+00"
721,2,"2018-10-03 20:12:49.63728+00"
722,2,"2018-10-05 14:57:33.776169+00"
723,2,"2018-10-05 15:51:22.615286+00"
724,2,"2018-10-05 16:09:21.265326+00"
725,2,"2018-10-11 02:39:40.857227+00"
726,2,"2018-10-11 03:00:11.265283+00"
727,2,"2018-10-11 14:35:45.263309+00"
728,2,"2018-10-12 15:03:33.239403+00"
729,2,"2018-10-16 18:00:23.232738+00"
730,2,"2018-10-19 16:25:44.909111+00"
731,2,"2018-10-19 21:18:06.5756+00"
732,2,"2018-10-22 21:18:03.795022+00"
733,2,"2018-10-22 21:33:38.584409+00"
734,2,"2018-10-23 13:47:43.194637+00"
735,2,"2018-10-23 19:55:53.763664+00"
736,2,"2018-10-24 20:03:59.505943+00"
737,2,"2018-10-25 13:32:36.144619+00"
738,2,"2018-10-25 13:44:21.3299+00"
739,2,"2018-10-25 16:34:04.527554+00"
740,2,"2018-10-26 16:59:38.822835+00"
741,2,"2018-10-26 17:05:48.683825+00"
742,2,"2018-10-29 14:23:47.255443+00"
743,2,"2018-10-29 15:19:41.100827+00"
744,2,"2018-10-29 16:06:45.111382+00"
745,2,"2018-10-30 14:24:36.104106+00"
746,2,"2018-10-31 10:42:10.493298+00"
747,2,"2018-10-31 14:49:37.975897+00"
748,2,"2018-11-01 15:03:47.2742+00"
749,2,"2018-11-02 14:10:14.137935+00"
750,2,"2018-11-06 16:23:25.510884+00"
751,2,"2018-11-06 16:33:44.07873+00"
752,2,"2018-11-06 21:27:07.827579+00"
753,2,"2018-11-08 15:54:35.202105+00"
754,2,"2018-11-09 15:05:42.773857+00"
755,2,"2018-11-09 20:03:56.191257+00"
756,2,"2018-11-12 19:23:49.009438+00"
757,2,"2018-11-15 16:57:42.612684+00"
758,2,"2018-11-16 14:29:19.141613+00"
759,2,"2018-11-23 14:27:49.981967+00"
760,2,"2018-11-23 15:20:29.105846+00"
761,2,"2018-11-23 15:24:23.08243+00"
762,2,"2018-11-23 15:29:48.125587+00"
763,2,"2018-11-23 15:33:19.983213+00"
764,2,"2018-11-23 16:19:59.214638+00"
765,2,"2018-11-26 14:29:00.118651+00"
766,2,"2018-11-26 19:31:11.174153+00"
767,2,"2018-11-27 14:36:21.652558+00"
768,2,"2018-11-27 15:10:53.043136+00"
769,2,"2018-11-29 19:36:51.329825+00"
770,2,"2018-11-30 17:21:47.119475+00"
65,2,"2017-05-08 19:25:55.443131+00"
771,2,"2018-11-30 19:34:33.856515+00"
148,2,"2017-05-08 19:25:55.443131+00"
152,2,"2017-05-08 19:25:55.443131+00"
153,2,"2017-05-08 19:25:55.443131+00"
66,2,"2017-05-08 19:25:55.443131+00"
67,2,"2017-05-08 19:25:55.443131+00"
68,2,"2017-05-08 19:25:55.443131+00"
69,2,"2017-05-08 19:25:55.443131+00"
136,2,"2017-05-08 19:25:55.443131+00"
137,2,"2017-05-08 19:25:55.443131+00"
138,2,"2017-05-08 19:25:55.443131+00"
145,2,"2017-05-08 19:25:55.443131+00"
135,2,"2017-05-08 19:25:55.443131+00"
149,2,"2017-05-08 19:25:55.443131+00"
154,2,"2017-05-08 19:25:55.443131+00"
70,2,"2017-05-08 19:25:55.443131+00"
71,2,"2017-05-08 19:25:55.443131+00"
72,2,"2017-05-08 19:25:55.443131+00"
73,2,"2017-05-08 19:25:55.443131+00"
74,2,"2017-05-08 19:25:55.443131+00"
75,2,"2017-05-08 19:25:55.443131+00"
76,2,"2017-05-08 19:25:55.443131+00"
77,2,"2017-05-08 19:25:55.443131+00"
79,2,"2017-05-08 19:25:55.443131+00"
80,2,"2017-05-08 19:25:55.443131+00"
81,2,"2017-05-08 19:25:55.443131+00"
82,2,"2017-05-08 19:25:55.443131+00"
83,2,"2017-05-08 19:25:55.443131+00"
84,2,"2017-05-08 19:25:55.443131+00"
85,2,"2017-05-08 19:25:55.443131+00"
86,2,"2017-05-08 19:25:55.443131+00"
87,2,"2017-05-08 19:25:55.443131+00"
89,2,"2017-05-08 19:25:55.443131+00"
90,2,"2017-05-08 19:25:55.443131+00"
91,2,"2017-05-08 19:25:55.443131+00"
92,2,"2017-05-08 19:25:55.443131+00"
93,2,"2017-05-08 19:25:55.443131+00"
94,2,"2017-05-08 19:25:55.443131+00"
95,2,"2017-05-08 19:25:55.443131+00"
96,2,"2017-05-08 19:25:55.443131+00"
97,2,"2017-05-08 19:25:55.443131+00"
98,2,"2017-05-08 19:25:55.443131+00"
99,2,"2017-05-08 19:25:55.443131+00"
100,2,"2017-05-08 19:25:55.443131+00"
